position_1based,aa,logodds_mean,logodds_ci025,logodds_ci975,family,layer,block,motif_length
1,A,-15.894169251817244,-15.89416925181774,-15.89416925181774,STLHQ_family,parenchyma,pooled_all_organs,7
1,C,-10.487208285046597,-10.487208285046819,-10.487208285046819,STLHQ_family,parenchyma,pooled_all_organs,7
1,D,-15.484453219996567,-15.484453219996064,-15.484453219996064,STLHQ_family,parenchyma,pooled_all_organs,7
1,E,-14.891913275489047,-14.891913275488935,-14.891913275488935,STLHQ_family,parenchyma,pooled_all_organs,7
1,F,-14.02248490399043,-14.022484903990026,-14.022484903990026,STLHQ_family,parenchyma,pooled_all_organs,7
1,G,-15.465184018784212,-15.465184018784582,-15.465184018784582,STLHQ_family,parenchyma,pooled_all_organs,7
1,H,-15.575946053101733,-15.575946053102525,-15.575946053102525,STLHQ_family,parenchyma,pooled_all_organs,7
1,I,-13.973697937309177,-13.973697937309598,-13.973697937309598,STLHQ_family,parenchyma,pooled_all_organs,7
1,K,-15.820069926351584,-15.820069926352165,-15.820069926352165,STLHQ_family,parenchyma,pooled_all_organs,7
1,L,-15.77717868372108,-15.777178683720312,-15.777178683720312,STLHQ_family,parenchyma,pooled_all_organs,7
1,M,-15.144306438277516,-15.144306438278212,-15.144306438278212,STLHQ_family,parenchyma,pooled_all_organs,7
1,N,-15.640559731148599,-15.640559731147743,-15.640559731147743,STLHQ_family,parenchyma,pooled_all_organs,7
1,P,-15.731352710918202,-15.731352710918497,-15.731352710918497,STLHQ_family,parenchyma,pooled_all_organs,7
1,Q,-14.937844063656456,-14.937844063655955,-14.937844063655955,STLHQ_family,parenchyma,pooled_all_organs,7
1,R,-15.632287392873204,-15.632287392873819,-15.632287392873819,STLHQ_family,parenchyma,pooled_all_organs,7
1,S,3.122301680938943,3.122301680938798,3.122301680938798,STLHQ_family,parenchyma,pooled_all_organs,7
1,T,-16.38580635020463,-16.38580635020425,-16.38580635020425,STLHQ_family,parenchyma,pooled_all_organs,7
1,V,-15.094726756356744,-15.094726756356263,-15.094726756356263,STLHQ_family,parenchyma,pooled_all_organs,7
1,W,-13.530198007840502,-13.530198007841127,-13.530198007841127,STLHQ_family,parenchyma,pooled_all_organs,7
1,Y,-14.018530342877915,-14.018530342878318,-14.018530342878318,STLHQ_family,parenchyma,pooled_all_organs,7
2,A,-15.894169251817244,-15.89416925181774,-15.89416925181774,STLHQ_family,parenchyma,pooled_all_organs,7
2,C,-10.487208285046597,-10.487208285046819,-10.487208285046819,STLHQ_family,parenchyma,pooled_all_organs,7
2,D,-15.484453219996567,-15.484453219996064,-15.484453219996064,STLHQ_family,parenchyma,pooled_all_organs,7
2,E,-14.891913275489047,-14.891913275488935,-14.891913275488935,STLHQ_family,parenchyma,pooled_all_organs,7
2,F,-14.02248490399043,-14.022484903990026,-14.022484903990026,STLHQ_family,parenchyma,pooled_all_organs,7
2,G,-15.465184018784212,-15.465184018784582,-15.465184018784582,STLHQ_family,parenchyma,pooled_all_organs,7
2,H,-15.575946053101733,-15.575946053102525,-15.575946053102525,STLHQ_family,parenchyma,pooled_all_organs,7
2,I,-13.973697937309177,-13.973697937309598,-13.973697937309598,STLHQ_family,parenchyma,pooled_all_organs,7
2,K,-15.820069926351584,-15.820069926352165,-15.820069926352165,STLHQ_family,parenchyma,pooled_all_organs,7
2,L,-15.77717868372108,-15.777178683720312,-15.777178683720312,STLHQ_family,parenchyma,pooled_all_organs,7
2,M,-15.144306438277516,-15.144306438278212,-15.144306438278212,STLHQ_family,parenchyma,pooled_all_organs,7
2,N,-15.640559731148599,-15.640559731147743,-15.640559731147743,STLHQ_family,parenchyma,pooled_all_organs,7
2,P,-15.731352710918202,-15.731352710918497,-15.731352710918497,STLHQ_family,parenchyma,pooled_all_organs,7
2,Q,-14.937844063656456,-14.937844063655955,-14.937844063655955,STLHQ_family,parenchyma,pooled_all_organs,7
2,R,-15.632287392873204,-15.632287392873819,-15.632287392873819,STLHQ_family,parenchyma,pooled_all_organs,7
2,S,-16.574650568181877,-16.574650568182214,-16.574650568182214,STLHQ_family,parenchyma,pooled_all_organs,7
2,T,3.311145898916881,3.3111458989167635,3.3111458989167635,STLHQ_family,parenchyma,pooled_all_organs,7
2,V,-15.094726756356744,-15.094726756356263,-15.094726756356263,STLHQ_family,parenchyma,pooled_all_organs,7
2,W,-13.530198007840502,-13.530198007841127,-13.530198007841127,STLHQ_family,parenchyma,pooled_all_organs,7
2,Y,-14.018530342877915,-14.018530342878318,-14.018530342878318,STLHQ_family,parenchyma,pooled_all_organs,7
3,A,-15.894169251817244,-15.89416925181774,-15.89416925181774,STLHQ_family,parenchyma,pooled_all_organs,7
3,C,-10.487208285046597,-10.487208285046819,-10.487208285046819,STLHQ_family,parenchyma,pooled_all_organs,7
3,D,-15.484453219996567,-15.484453219996064,-15.484453219996064,STLHQ_family,parenchyma,pooled_all_organs,7
3,E,-14.891913275489047,-14.891913275488935,-14.891913275488935,STLHQ_family,parenchyma,pooled_all_organs,7
3,F,-14.02248490399043,-14.022484903990026,-14.022484903990026,STLHQ_family,parenchyma,pooled_all_organs,7
3,G,-15.465184018784212,-15.465184018784582,-15.465184018784582,STLHQ_family,parenchyma,pooled_all_organs,7
3,H,-15.575946053101733,-15.575946053102525,-15.575946053102525,STLHQ_family,parenchyma,pooled_all_organs,7
3,I,-13.973697937309177,-13.973697937309598,-13.973697937309598,STLHQ_family,parenchyma,pooled_all_organs,7
3,K,-15.820069926351584,-15.820069926352165,-15.820069926352165,STLHQ_family,parenchyma,pooled_all_organs,7
3,L,3.9197735654006505,3.9197735654006998,3.9197735654006998,STLHQ_family,parenchyma,pooled_all_organs,7
3,M,-15.144306438277516,-15.144306438278212,-15.144306438278212,STLHQ_family,parenchyma,pooled_all_organs,7
3,N,-15.640559731148599,-15.640559731147743,-15.640559731147743,STLHQ_family,parenchyma,pooled_all_organs,7
3,P,-15.731352710918202,-15.731352710918497,-15.731352710918497,STLHQ_family,parenchyma,pooled_all_organs,7
3,Q,-14.937844063656456,-14.937844063655955,-14.937844063655955,STLHQ_family,parenchyma,pooled_all_organs,7
3,R,-15.632287392873204,-15.632287392873819,-15.632287392873819,STLHQ_family,parenchyma,pooled_all_organs,7
3,S,-16.574650568181877,-16.574650568182214,-16.574650568182214,STLHQ_family,parenchyma,pooled_all_organs,7
3,T,-16.38580635020463,-16.38580635020425,-16.38580635020425,STLHQ_family,parenchyma,pooled_all_organs,7
3,V,-15.094726756356744,-15.094726756356263,-15.094726756356263,STLHQ_family,parenchyma,pooled_all_organs,7
3,W,-13.530198007840502,-13.530198007841127,-13.530198007841127,STLHQ_family,parenchyma,pooled_all_organs,7
3,Y,-14.018530342877915,-14.018530342878318,-14.018530342878318,STLHQ_family,parenchyma,pooled_all_organs,7
4,A,-15.894169251817244,-15.89416925181774,-15.89416925181774,STLHQ_family,parenchyma,pooled_all_organs,7
4,C,-10.487208285046597,-10.487208285046819,-10.487208285046819,STLHQ_family,parenchyma,pooled_all_organs,7
4,D,-15.484453219996567,-15.484453219996064,-15.484453219996064,STLHQ_family,parenchyma,pooled_all_organs,7
4,E,-14.891913275489047,-14.891913275488935,-14.891913275488935,STLHQ_family,parenchyma,pooled_all_organs,7
4,F,-14.02248490399043,-14.022484903990026,-14.022484903990026,STLHQ_family,parenchyma,pooled_all_organs,7
4,G,-15.465184018784212,-15.465184018784582,-15.465184018784582,STLHQ_family,parenchyma,pooled_all_organs,7
4,H,4.121006196018419,4.121006196018486,4.121006196018486,STLHQ_family,parenchyma,pooled_all_organs,7
4,I,-13.973697937309177,-13.973697937309598,-13.973697937309598,STLHQ_family,parenchyma,pooled_all_organs,7
4,K,-15.820069926351584,-15.820069926352165,-15.820069926352165,STLHQ_family,parenchyma,pooled_all_organs,7
4,L,-15.77717868372108,-15.777178683720312,-15.777178683720312,STLHQ_family,parenchyma,pooled_all_organs,7
4,M,-15.144306438277516,-15.144306438278212,-15.144306438278212,STLHQ_family,parenchyma,pooled_all_organs,7
4,N,-15.640559731148599,-15.640559731147743,-15.640559731147743,STLHQ_family,parenchyma,pooled_all_organs,7
4,P,-15.731352710918202,-15.731352710918497,-15.731352710918497,STLHQ_family,parenchyma,pooled_all_organs,7
4,Q,-14.937844063656456,-14.937844063655955,-14.937844063655955,STLHQ_family,parenchyma,pooled_all_organs,7
4,R,-15.632287392873204,-15.632287392873819,-15.632287392873819,STLHQ_family,parenchyma,pooled_all_organs,7
4,S,-16.574650568181877,-16.574650568182214,-16.574650568182214,STLHQ_family,parenchyma,pooled_all_organs,7
4,T,-16.38580635020463,-16.38580635020425,-16.38580635020425,STLHQ_family,parenchyma,pooled_all_organs,7
4,V,-15.094726756356744,-15.094726756356263,-15.094726756356263,STLHQ_family,parenchyma,pooled_all_organs,7
4,W,-13.530198007840502,-13.530198007841127,-13.530198007841127,STLHQ_family,parenchyma,pooled_all_organs,7
4,Y,-14.018530342877915,-14.018530342878318,-14.018530342878318,STLHQ_family,parenchyma,pooled_all_organs,7
5,A,-15.894169251817244,-15.89416925181774,-15.89416925181774,STLHQ_family,parenchyma,pooled_all_organs,7
5,C,-10.487208285046597,-10.487208285046819,-10.487208285046819,STLHQ_family,parenchyma,pooled_all_organs,7
5,D,-15.484453219996567,-15.484453219996064,-15.484453219996064,STLHQ_family,parenchyma,pooled_all_organs,7
5,E,-14.891913275489047,-14.891913275488935,-14.891913275488935,STLHQ_family,parenchyma,pooled_all_organs,7
5,F,-14.02248490399043,-14.022484903990026,-14.022484903990026,STLHQ_family,parenchyma,pooled_all_organs,7
5,G,-15.465184018784212,-15.465184018784582,-15.465184018784582,STLHQ_family,parenchyma,pooled_all_organs,7
5,H,-15.575946053101733,-15.575946053102525,-15.575946053102525,STLHQ_family,parenchyma,pooled_all_organs,7
5,I,-13.973697937309177,-13.973697937309598,-13.973697937309598,STLHQ_family,parenchyma,pooled_all_organs,7
5,K,-15.820069926351584,-15.820069926352165,-15.820069926352165,STLHQ_family,parenchyma,pooled_all_organs,7
5,L,-15.77717868372108,-15.777178683720312,-15.777178683720312,STLHQ_family,parenchyma,pooled_all_organs,7
5,M,-15.144306438277516,-15.144306438278212,-15.144306438278212,STLHQ_family,parenchyma,pooled_all_organs,7
5,N,-15.640559731148599,-15.640559731147743,-15.640559731147743,STLHQ_family,parenchyma,pooled_all_organs,7
5,P,-15.731352710918202,-15.731352710918497,-15.731352710918497,STLHQ_family,parenchyma,pooled_all_organs,7
5,Q,4.759108185465091,4.759108185465057,4.759108185465057,STLHQ_family,parenchyma,pooled_all_organs,7
5,R,-15.632287392873204,-15.632287392873819,-15.632287392873819,STLHQ_family,parenchyma,pooled_all_organs,7
5,S,-16.574650568181877,-16.574650568182214,-16.574650568182214,STLHQ_family,parenchyma,pooled_all_organs,7
5,T,-16.38580635020463,-16.38580635020425,-16.38580635020425,STLHQ_family,parenchyma,pooled_all_organs,7
5,V,-15.094726756356744,-15.094726756356263,-15.094726756356263,STLHQ_family,parenchyma,pooled_all_organs,7
5,W,-13.530198007840502,-13.530198007841127,-13.530198007841127,STLHQ_family,parenchyma,pooled_all_organs,7
5,Y,-14.018530342877915,-14.018530342878318,-14.018530342878318,STLHQ_family,parenchyma,pooled_all_organs,7
6,A,-15.894169251817244,-15.89416925181774,-15.89416925181774,STLHQ_family,parenchyma,pooled_all_organs,7
6,C,-10.487208285046597,-10.487208285046819,-10.487208285046819,STLHQ_family,parenchyma,pooled_all_organs,7
6,D,-15.484453219996567,-15.484453219996064,-15.484453219996064,STLHQ_family,parenchyma,pooled_all_organs,7
6,E,-1.4907338729851702,-1.528196001274233,-1.4519525651820653,STLHQ_family,parenchyma,pooled_all_organs,7
6,F,-14.02248490399043,-14.022484903990026,-14.022484903990026,STLHQ_family,parenchyma,pooled_all_organs,7
6,G,-15.465184018784212,-15.465184018784582,-15.465184018784582,STLHQ_family,parenchyma,pooled_all_organs,7
6,H,-15.575946053101733,-15.575946053102525,-15.575946053102525,STLHQ_family,parenchyma,pooled_all_organs,7
6,I,-13.973697937309177,-13.973697937309598,-13.973697937309598,STLHQ_family,parenchyma,pooled_all_organs,7
6,K,3.8469231803269017,3.8463152435349865,3.847521560825894,STLHQ_family,parenchyma,pooled_all_organs,7
6,L,-15.77717868372108,-15.777178683720312,-15.777178683720312,STLHQ_family,parenchyma,pooled_all_organs,7
6,M,-6.5136095644088385,-6.7222416721054,-6.320939198231978,STLHQ_family,parenchyma,pooled_all_organs,7
6,N,-5.601921680652331,-5.732167110373992,-5.487007699439631,STLHQ_family,parenchyma,pooled_all_organs,7
6,P,-15.731352710918202,-15.731352710918497,-15.731352710918497,STLHQ_family,parenchyma,pooled_all_organs,7
6,Q,-5.181278418749397,-5.321295219876966,-5.044542532795392,STLHQ_family,parenchyma,pooled_all_organs,7
6,R,-3.7550436669923357,-3.8181055086835385,-3.694509016231991,STLHQ_family,parenchyma,pooled_all_organs,7
6,S,-16.574650568181877,-16.574650568182214,-16.574650568182214,STLHQ_family,parenchyma,pooled_all_organs,7
6,T,-7.220546962320264,-7.388626869266627,-7.0571314228763,STLHQ_family,parenchyma,pooled_all_organs,7
6,V,-15.094726756356744,-15.094726756356263,-15.094726756356263,STLHQ_family,parenchyma,pooled_all_organs,7
6,W,-13.530198007840502,-13.530198007841127,-13.530198007841127,STLHQ_family,parenchyma,pooled_all_organs,7
6,Y,-14.018530342877915,-14.018530342878318,-14.018530342878318,STLHQ_family,parenchyma,pooled_all_organs,7
7,A,-15.894169251817244,-15.89416925181774,-15.89416925181774,STLHQ_family,parenchyma,pooled_all_organs,7
7,C,-10.487208285046597,-10.487208285046819,-10.487208285046819,STLHQ_family,parenchyma,pooled_all_organs,7
7,D,-15.484453219996567,-15.484453219996064,-15.484453219996064,STLHQ_family,parenchyma,pooled_all_organs,7
7,E,-14.891913275489047,-14.891913275488935,-14.891913275488935,STLHQ_family,parenchyma,pooled_all_organs,7
7,F,-3.492085546263323,-3.5952244833759526,-3.390398491154845,STLHQ_family,parenchyma,pooled_all_organs,7
7,G,-15.465184018784212,-15.465184018784582,-15.465184018784582,STLHQ_family,parenchyma,pooled_all_organs,7
7,H,-15.575946053101733,-15.575946053102525,-15.575946053102525,STLHQ_family,parenchyma,pooled_all_organs,7
7,I,-13.973697937309177,-13.973697937309598,-13.973697937309598,STLHQ_family,parenchyma,pooled_all_organs,7
7,K,-15.820069926351584,-15.820069926352165,-15.820069926352165,STLHQ_family,parenchyma,pooled_all_organs,7
7,L,3.9075886433325313,3.9071812007002675,3.9079927105008245,STLHQ_family,parenchyma,pooled_all_organs,7
7,M,-5.640050427435853,-5.789065639725359,-5.5022547453502355,STLHQ_family,parenchyma,pooled_all_organs,7
7,N,-15.640559731148599,-15.640559731147743,-15.640559731147743,STLHQ_family,parenchyma,pooled_all_organs,7
7,P,-15.731352710918202,-15.731352710918497,-15.731352710918497,STLHQ_family,parenchyma,pooled_all_organs,7
7,Q,-14.937844063656456,-14.937844063655955,-14.937844063655955,STLHQ_family,parenchyma,pooled_all_organs,7
7,R,-15.632287392873204,-15.632287392873819,-15.632287392873819,STLHQ_family,parenchyma,pooled_all_organs,7
7,S,-4.4944914193457155,-4.561676919807674,-4.433501369744698,STLHQ_family,parenchyma,pooled_all_organs,7
7,T,-16.38580635020463,-16.38580635020425,-16.38580635020425,STLHQ_family,parenchyma,pooled_all_organs,7
7,V,-5.835113646015103,-5.988818247785105,-5.683215768344191,STLHQ_family,parenchyma,pooled_all_organs,7
7,W,-13.530198007840502,-13.530198007841127,-13.530198007841127,STLHQ_family,parenchyma,pooled_all_organs,7
7,Y,-14.018530342877915,-14.018530342878318,-14.018530342878318,STLHQ_family,parenchyma,pooled_all_organs,7
