motif_family,organ_name,reads,total_reads_organ,motif_total_reads,CPM,enrichment_ratio,fisher_pvalue,qvalue
STFHQ_family,dorsal_root_ganglion,597,90485,948,227.60363113571927,129.94256125394585,0.0,0.0
STFHQ_family,spleen_red_pulp,49,418872,948,3.0533818384848246,2.3039255020898803,1.241692807744624e-07,1.3658620885190864e-06
STFHQ_family,liver_bile_ductal_cells,46,49585,948,2.866440093271468,18.270952832560887,1.5712596172965398e-41,2.5925783685392905e-40
STFHQ_family,appendix_mucosa_epithelial_cells,32,307569,948,1.9940452822758037,2.0490903121831137,0.0001583638650700636,0.0013065018868280247
STFHQ_family,spleen_white_pulp,25,324804,948,1.5578478767779718,1.515906174925513,0.02910628260729064,0.137215332291513
STFHQ_family,colon_mucosa_epithelial_cells,21,393551,948,1.3085922164934962,1.050925564823937,0.43932244064097786,0.9999999591101545
STFHQ_family,anterior_pituitary_gland,20,197935,948,1.2462783014223775,1.9900366857423146,0.0034616667637857902,0.022847000640986215
STFHQ_family,liver_around_hepatocytes,18,236058,948,1.1216504712801396,1.5017839694192299,0.06120449550110463,0.2524685439420566
STFHQ_family,cerebrum_pvn_neuron,17,186530,948,1.059336556209021,1.794956439626571,0.01677047136042347,0.09223759248232909
STFHQ_family,thymus_macrophages,14,207504,948,0.8723948109956642,1.3287866160396113,0.17649366413966514,0.6471434351787723
STFHQ_family,adrenal_gland_zona_reticularis,10,305988,948,0.6231391507111887,0.6436492793710947,0.9471608287321738,0.9999999591101545
STFHQ_family,lung_tracheal_epithelial_cells,10,220648,948,0.6231391507111887,0.8925934325088037,0.6825144012932467,0.9999999591101545
STFHQ_family,thymus_lymphoid_cells,9,277214,948,0.5608252356400698,0.6394123677973778,0.94153776937069,0.9999999591101545
STFHQ_family,adrenal_gland_zona_glomerulosa,8,363394,948,0.4985113205689509,0.43357668138979183,0.9979887851110735,0.9999999591101545
STFHQ_family,pancreas_endocrine_cells,8,271648,948,0.4985113205689509,0.5800122384739148,0.9655385160821445,0.9999999591101545
STFHQ_family,cerebrum_sn_neuron,7,213900,948,0.4361974054978321,0.6445267367337156,0.9167020760676622,0.9999999591101545
STFHQ_family,liver_kupffer_cells,7,405347,948,0.4361974054978321,0.3401141959539401,0.9998508284817764,0.9999999591101545
STFHQ_family,prostate_gland_cells,6,295220,948,0.3738834904267132,0.40027563653452175,0.9973395464436674,0.9999999591101545
STFHQ_family,skin_adipocytes,6,245312,948,0.3738834904267132,0.4817105295204536,0.9852266375541616,0.9999999591101545
STFHQ_family,salivary_gland_serous_cells,5,253808,948,0.3115695753555944,0.3879880770034879,0.9961179398484054,0.9999999591101545
STFHQ_family,testis_interstitial_cells_1,5,250188,948,0.3115695753555944,0.3936019227464997,0.9955648677449193,0.9999999591101545
STFHQ_family,adrenal_gland_zona_fasciculata,4,370847,948,0.2492556602844754,0.21243149406219008,0.9999924032941112,0.9999999591101545
STFHQ_family,cerebellum_medulla_total,4,343742,948,0.2492556602844754,0.2291823003254796,0.9999751746515363,0.9999999591101545
STFHQ_family,lung_alveolar type 2 cells,4,256161,948,0.2492556602844754,0.3075393298686412,0.9990108105919978,0.9999999591101545
STFHQ_family,cerebellum_cortex_total,3,441206,948,0.1869417452133566,0.13391632640730353,0.9999999591101545,0.9999999591101545
STFHQ_family,kidney_tubular epithelial cells,3,212092,948,0.1869417452133566,0.27858045899355355,0.9985923672309125,0.9999999591101545
STFHQ_family,thymus_dendritic_cells,3,217347,948,0.1869417452133566,0.2718449608637835,0.9988758073981667,0.9999999591101545
STFHQ_family,prostate_smooth_muscle_cells,2,241580,948,0.1246278301422377,0.16305071255584283,0.9999416572488,0.9999999591101545
STFHQ_family,appendix_lymph_nodes,1,249168,948,0.0623139150711188,0.07904263617166028,0.9999970594164256,0.9999999591101545
STFHQ_family,cerebellum_4_5cb_medulla,1,72854,948,0.0623139150711188,0.2703337575098176,0.9754357009519483,0.9999999591101545
STFHQ_family,cerebellum_purkinje_cells,1,317610,948,0.0623139150711188,0.06200968347854366,0.9999999137201766,0.9999999591101545
STFHQ_family,prostate_stromal_cells,1,287324,948,0.0623139150711188,0.06854594663035546,0.9999995881260965,0.9999999591101545
STFHQ_family,ureter_smooth_muscle_cells,1,59244,948,0.0623139150711188,0.3324369652558951,0.9508534281606544,0.9999999591101545
STLHQ_family,thyroid,15089,124306,440316,5752.615058972977,5.147139272074631,0.0,0.0
STLHQ_family,spleen_red_pulp,46268,418872,440316,2883.140222510528,4.683784976684577,0.0,0.0
STLHQ_family,spleen_white_pulp,37588,324804,440316,2342.255439693216,4.9071055764804346,0.0,0.0
STLHQ_family,colon_mucosa_epithelial_cells,29669,393551,440316,1848.791546245026,3.196682040090883,0.0,0.0
STLHQ_family,thymus_macrophages,24190,207504,440316,1507.3736055703655,4.943185954342903,0.0,0.0
STLHQ_family,appendix_mucosa_epithelial_cells,23542,307569,440316,1466.9941886042805,3.245625056400211,0.0,0.0
STLHQ_family,anterior_pituitary_gland,20549,197935,440316,1280.4886407964216,4.402158238042934,0.0,0.0
STLHQ_family,liver_around_hepatocytes,18296,236058,440316,1140.095390141191,3.2865101742915606,0.0,0.0
STLHQ_family,liver_kupffer_cells,18146,405347,440316,1130.7483028805232,1.8982416411952285,0.0,0.0
STLHQ_family,thymus_lymphoid_cells,15032,277214,440316,936.7027713490587,2.299318641780553,0.0,0.0
STLHQ_family,cerebrum_pvn_neuron,14907,186530,440316,928.913531965169,3.388746749252623,0.0,0.0
STLHQ_family,cerebrum_sn_neuron,13771,213900,440316,858.1249244443779,2.729934622147626,0.0,0.0
STLHQ_family,adrenal_gland_zona_glomerulosa,12927,363394,440316,805.5319801243536,1.5084035615299285,0.0,0.0
STLHQ_family,pancreas_endocrine_cells,11549,271648,440316,719.6634051563519,1.802749659433285,0.0,0.0
STLHQ_family,adrenal_gland_zona_reticularis,11271,305988,440316,702.3401367665807,1.5619085689246919,0.0,0.0
STLHQ_family,prostate_gland_cells,11060,295220,440316,689.1919006865747,1.5885720013157507,0.0,0.0
STLHQ_family,lung_alveolar type 2 cells,10816,256161,440316,673.9873054092217,1.7904047499310407,0.0,0.0
STLHQ_family,testis_interstitial_cells_1,9162,250188,440316,570.920089881591,1.552820889434339,0.0,0.0
STLHQ_family,cerebellum_cortex_total,8999,441206,440316,560.7629217249987,0.8648691274975848,1.0,1.0
STLHQ_family,skin_adipocytes,8136,245312,440316,506.98601301862305,1.4063379599473764,2.4289129873116048e-194,9.831314472451733e-194
STLHQ_family,salivary_gland_serous_cells,7317,253808,440316,455.95091657537677,1.2224336630710337,8.477958880138298e-65,3.0026104367156474e-64
STLHQ_family,lung_tracheal_epithelial_cells,6976,220648,440316,434.7018715361252,1.3406148612251159,1.4583061648853522e-125,5.634364727966133e-125
STLHQ_family,adrenal_gland_zona_fasciculata,6614,370847,440316,412.1442342803802,0.7562527609929598,1.0,1.0
STLHQ_family,liver_capsule,6510,43588,440316,405.6635871129839,6.333030784114973,0.0,0.0
STLHQ_family,liver_bile_ductal_cells,5918,49585,440316,368.7737493908815,5.060835208578187,0.0,0.0
STLHQ_family,appendix_lymph_nodes,5759,249168,440316,358.8658368945736,0.9800593245385971,0.9414431510935656,1.0
STLHQ_family,cerebellum_purkinje_cells,5754,317610,440316,358.5542673192179,0.7681981244408383,1.0,1.0
STLHQ_family,kidney_tubular epithelial cells,5676,212092,440316,353.69378194367073,1.1347903972105977,1.063243582666144e-21,3.4759886356393166e-21
STLHQ_family,prostate_smooth_muscle_cells,4722,241580,440316,294.24630696582324,0.8288244584853581,1.0,1.0
STLHQ_family,thymus_dendritic_cells,4531,217347,440316,282.34434918723963,0.8839708926882553,1.0,1.0
STLHQ_family,cerebellum_medulla_total,3859,343742,440316,240.46939825944773,0.47603592823921487,1.0,1.0
STLHQ_family,prostate_stromal_cells,3249,287324,440316,202.4579100660652,0.4794853696225429,1.0,1.0
STLHQ_family,cerebellum_4_5cb_medulla,2557,72854,440316,159.33668083685097,1.4882465325336083,4.4733353086650104e-82,1.6531891358109823e-81
STLHQ_family,liver_hepatocytes,2182,64061,440316,135.96896268518137,1.4443039042134247,6.030294889882882e-61,2.0503002625601797e-60
STLHQ_family,ureter_transitional_epithelial_cells,1128,71378,440316,70.29009620022208,0.6701041035606068,1.0,1.0
STLHQ_family,testis,178,185308,440316,67.86171916609385,0.04073084183108394,1.0,1.0
STLHQ_family,ureter_adventitial_cells,995,62281,440316,62.00234549576328,0.6774309841319336,1.0,1.0
STLHQ_family,ureter_smooth_muscle_cells,922,59244,440316,57.45342969557159,0.6599090746275555,1.0,1.0
STLHQ_family,posterior_pituitary_gland,677,60972,440316,42.18652050314747,0.4708209512774475,1.0,1.0
STLHQ_family,stomach_icc,561,39766,440316,34.95810635489769,0.5982028886030124,1.0,1.0
STLHQ_family,gallbladder_smooth_muscle_cells,551,55098,440316,34.334967204186505,0.4240463378385858,1.0,1.0
STLHQ_family,ovary_oocytes,471,105267,440316,29.349853998496986,0.18972572177961225,1.0,1.0
STLHQ_family,spleen_tubular_endothelial_cells_around_red_pulp,450,47152,440316,28.041261782003495,0.40467832897999567,1.0,1.0
STLHQ_family,heart_coronary_artery_endothelial_cells,338,87434,440316,21.06210329403818,0.1639207399106345,1.0,1.0
STLHQ_family,cerebellum_2cb_medulla,324,86354,440316,20.189708483042516,0.1590963087871624,1.0,1.0
STLHQ_family,appendix,51,152390,440316,19.443526277925766,0.014190943135249505,1.0,1.0
STLHQ_family,ovary_epithelial_cells,268,57162,440316,16.70012923905986,0.1988039143425257,1.0,1.0
STLHQ_family,liver,41,1115,440316,15.631070144999144,1.559216931321684,0.0042767941538715,0.01346398159552139
STLHQ_family,urinary_bladder_smooth_muscle_cells,129,59044,440316,8.038495044174333,0.09264276137872146,1.0,1.0
STLHQ_family,urinary_bladder_transitional_epithelial_cells,85,29327,440316,5.296682781045104,0.12289913869930282,1.0,1.0
STLHQ_family,ovary_luteal_cells,79,60892,440316,4.922799290618391,0.055012883023389886,1.0,1.0
STLHQ_family,cerebellum_fi_cortex,68,54606,440316,4.237346224836084,0.05280391225337074,1.0,1.0
STLHQ_family,prostate_epithelial_cells,56,53699,440316,3.4895792439826567,0.04422006550139052,1.0,1.0
STLHQ_family,uterus_endometrial_epithelial_cells,43,40431,440316,2.6794983480581114,0.045097402181867294,1.0,1.0
STLHQ_family,heart_endothelial_cells,41,39437,440316,2.554870517915874,0.044083649324839054,1.0,1.0
STLHQ_family,uterus_smooth_muscle_cells,31,41798,440316,1.9317313672046852,0.031448775837759776,1.0,1.0
STLHQ_family,small_intestine_smooth_muscle_cells,30,88929,440316,1.869417452133566,0.014304589480045694,1.0,1.0
STLHQ_family,cerebellum_sim_cortex,25,33560,440316,1.5578478767779718,0.0315875257715282,1.0,1.0
STLHQ_family,cerebellum_3cb_cortex,21,36238,440316,1.3085922164934962,0.024572685758311404,1.0,1.0
STLHQ_family,cerebellum_4_5cb_cortex,18,39398,440316,1.1216504712801396,0.019372955549078384,1.0,1.0
STLHQ_family,appendix_icc,16,29554,440316,0.9970226411379018,0.02295626695307543,1.0,1.0
STLHQ_family,cerebellum_2cb_cortex,16,58380,440316,0.9970226411379018,0.01162126607624514,1.0,1.0
STLHQ_family,kidney_glomerular_cells,16,180705,440316,0.9970226411379018,0.00375445899964689,1.0,1.0
STLHQ_family,aorta_smooth_muscle_cells,8,80218,440316,0.4985113205689509,0.00422878601767179,1.0,1.0
STLHQ_family,spinal_cord_drg_neuron_total,8,100364,440316,0.4985113205689509,0.0033799445694232553,1.0,1.0
STLHQ_family,testis_sertoli_cells,8,44947,440316,0.49851132056895087,0.007547216872440777,1.0,1.0
STLHQ_family,thyroid_gland_parafollicular_cells,7,44093,440316,0.4361974054978321,0.0067317184625654,1.0,1.0
STLHQ_family,lung_alveolar type1 cells,7,28649,440316,0.43619740549783204,0.010360629068026674,1.0,1.0
STLHQ_family,colon_smooth_muscle_cells,6,230437,440316,0.3738834904267132,0.0011040699521960306,1.0,1.0
STLHQ_family,lung_club_cells,6,36445,440316,0.3738834904267132,0.006980890864980017,1.0,1.0
STLHQ_family,skin_sebocytes,6,189865,440316,0.3738834904267132,0.0013399971957664483,1.0,1.0
STLHQ_family,thymus_epithelial_cells,6,43420,440316,0.3738834904267132,0.0058594787557392156,1.0,1.0
STLHQ_family,small_intestine_icc,5,32219,440316,0.3115695753555944,0.006580448585570541,1.0,1.0
STLHQ_family,kidney_glomerular_mesangial_cells,4,26095,440316,0.2492556602844754,0.006499803731856594,1.0,1.0
STLHQ_family,thyroid_follicular_cells,4,106547,440316,0.2492556602844754,0.001591901962352744,1.0,1.0
STLHQ_family,trachea_chondrocyte,4,34063,440316,0.2492556602844754,0.0049793728791591415,1.0,1.0
STLHQ_family,colon_icc,3,62397,440316,0.1869417452133566,0.0020387083319245857,1.0,1.0
STLHQ_family,salivary_gland_duct_cells,3,48203,440316,0.1869417452133566,0.0026390325039333316,1.0,1.0
STLHQ_family,skin_epithelial_cells,3,43666,440316,0.1869417452133566,0.002913234181905793,1.0,1.0
STLHQ_family,skin_hair_root_cells,2,51374,440316,0.1246278301422377,0.0016507608749834334,1.0,1.0
STLHQ_family,cerebellum_fi_medulla,1,61613,440316,0.0623139150711188,0.0006882166847207482,1.0,1.0
STLHQ_family,cerebellum_sim_medulla,1,71066,440316,0.0623139150711188,0.0005966720315720522,1.0,1.0
STLHQ_family,heart_pulmonary_artery_endothelial_cells,1,45997,440316,0.0623139150711188,0.0009218665259842915,1.0,1.0
STLHQ_family,spinal_cord_drg,1,47941,440316,0.0623139150711188,0.0008844849835360016,1.0,1.0
STLHQ_family,,2,0,440316,0.0,,,1.0
